"Txhash","Blockno","UnixTimestamp","DateTime","From","To","ContractAddress","Value_IN(ETH)","Value_OUT(ETH)","CurrentValue @ $177.13/Eth","TxnFee(ETH)","TxnFee(USD)","Historical $Price/Eth","Status","ErrCode"
"0x3d7bd03e1ffd74d6e37b32f2a90b9117aa5255464e8ccc2ce9b0c18845e6c975","7281728","1551412438","3/1/2019 3:53:58 AM","0xd998171b51dede5bb420228f8ca6e349daf0fd62","0x97dec872013f6b5fb443861090ad931542878126","","0","0","0","0.001501555","0.26597043715","136.88","","",""
"0x26df9b3c4f977a0bc21e9976dd62830d48b2d8b9ea2143ba14608f114fc8fb9f","7284613","1551454169","3/1/2019 3:29:29 PM","0x4f50d47d20380172746527bbeaa274940c38efac","0x97dec872013f6b5fb443861090ad931542878126","","3.749872","0","664.21482736","0.0002162033","0.038296090529","136.88","","",""
"0x20f3ce4875c89853559581360c2c8f7deca17453fa660377af7c08ee34396ac5","7286567","1551481008","3/1/2019 10:56:48 PM","0xc9c50b55c3085606ff05c70ac8cbaf26240891ae","0x97dec872013f6b5fb443861090ad931542878126","","0","0","0","0.00033027","0.0585007251","136.88","","",""
"0xa3362ffae2b5e096ac64a6288d26c2b29f79b24bdb637f24168aae1b318a026c","7287868","1551498509","3/2/2019 3:48:29 AM","0x97b28da6ac470f252fadc95f408c08373ed6d2fc","0x97dec872013f6b5fb443861090ad931542878126","","0.4758593","0","84.288957809","0.000338972","0.06004211036","134.04","","",""
"0x0da048a439e2d2e241248fec53b5865003d79ce9f4fc49697662ace1de0b6e12","7296430","1551614047","3/3/2019 11:54:07 AM","0x639e4bb8d28d477beba288da38696948df14d68e","0x97dec872013f6b5fb443861090ad931542878126","","0","0","0","0.0001389752","0.024616677176","131.21","","",""
"0xdf65a5b0a171ee81c8148f8d7de30fcfe07ff6dab570e3397dcaeba106fb5211","7299052","1551649577","3/3/2019 9:46:17 PM","0x4f50d47d20380172746527bbeaa274940c38efac","0x97dec872013f6b5fb443861090ad931542878126","","1.1326458","0","200.625550554","0.000278972","0.04941431036","131.21","","",""
"0xe30d891f4df04b689752b3d4d7a103952065cb64f6b631b58d0e481f3d50c2a0","7303675","1551712585","3/4/2019 3:16:25 PM","0xbfa29974b7d2d2756d1845169446c58bc091e0c5","0x97dec872013f6b5fb443861090ad931542878126","","0","0","0","0.000469025","0.08307839825","127.19","","",""
"0x054dcd8cd386bd867c5faaf0479aa9028394e94986f61fce461cb77b4ee34fd7","7309332","1551788836","3/5/2019 12:27:16 PM","0x12e8123822485229efaa08cd244e27e533eb1f4b","0x97dec872013f6b5fb443861090ad931542878126","","0.009","0","1.59417","0.0002538","0.044955594","137.45","","",""
"0xcb81b0431c89cc9a11149e769b0a4e1a17f4a37db504c99452eccad50ab951b0","7309340","1551788974","3/5/2019 12:29:34 PM","0x12e8123822485229efaa08cd244e27e533eb1f4b","0x97dec872013f6b5fb443861090ad931542878126","","0.00083107","0","0.1472074291","0.000376125","0.06662302125","137.45","","",""
"0xfef58b16bdff91635e02b38c4ad8881b88cba66b399c7feb1534e9bb5c948cd6","7315081","1551866599","3/6/2019 10:03:19 AM","0x505e20c0fb8252ca7ac21d54d5432eccd4f2d076","0x97dec872013f6b5fb443861090ad931542878126","","0","0","0","0.000427041","0.07564177233","138.49","","",""
"0xbc1cbb6d2b1191eb3ebf6dd895801ce7b2f272d7326f8da0484d14ead61e1509","7315560","1551872790","3/6/2019 11:46:30 AM","0x12e8123822485229efaa08cd244e27e533eb1f4b","0x97dec872013f6b5fb443861090ad931542878126","","0.0383697475","0","6.796433374675","0.000301125","0.05333827125","138.49","","",""
"0x3bdc1984b6dfa6f754636e918d0769708fd8c08df7f6eba40f9ffc4306f777f7","7318096","1551906402","3/6/2019 9:06:42 PM","0x392805fd4a2044131178b2a88e149a837890a06f","0x97dec872013f6b5fb443861090ad931542878126","","0","0","0","0.00012809828097","0.0226900485082161","138.49","","",""
"0xb534305052b51e2233eb5e8d0e4754aa69b14c7687162ad8b46d5b87a6fee728","7318270","1551908903","3/6/2019 9:48:23 PM","0x392805fd4a2044131178b2a88e149a837890a06f","0x97dec872013f6b5fb443861090ad931542878126","","0","0","0","0.0001169811698","0.020720874606674","138.49","","",""
"0x0fa437e0fd418d13397c8f67172c90efcf302ce0e3642a5fa7f567cf27732c7d","7323002","1551973068","3/7/2019 3:37:48 PM","0x7243abeee9f2182a54e7d913bf9839dd6bf56ec5","0x97dec872013f6b5fb443861090ad931542878126","","0","0","0","0.000193902","0.03434586126","138.01","","",""
"0x792a4038e1ff239c3b7f5da07700d9f32d2241a58587a8cd104b8e20f8e27619","7323040","1551973556","3/7/2019 3:45:56 PM","0x4f50d47d20380172746527bbeaa274940c38efac","0x97dec872013f6b5fb443861090ad931542878126","","5.3964646","0","955.875774598","0.0003905608","0.069180034504","138.01","","",""
"0x0dc0aa875f52c6286278b3ad557f5987b3c0f2a7894151174e5b8a81bcf37812","7331480","1552087334","3/8/2019 11:22:14 PM","0xf418e623c8ac88c2861d602ee5daf8ac3513e9bf","0x97dec872013f6b5fb443861090ad931542878126","","0","0","0","0.000328083","0.05811334179","134.14","","",""
"0x13fb0cbebd283630a7081c1d27cb4ffa67258a4f3a34f7c528fcf4b5aaf54cff","7337617","1552169934","3/9/2019 10:18:54 PM","0x4685bb0077179b45095a3c2a175acd9b3cd59d1c","0x97dec872013f6b5fb443861090ad931542878126","","0","0","0","0.00047449","0.0840464137","134.14","","",""
"0x2df4627d5d868d04f49c6cccb5c9db3a3f8e0b5e64dcc3be6831c04ed8a1ac31","7337682","1552170805","3/9/2019 10:33:25 PM","0x1bdb1783505f626a55a5e3dd3e366df1cd69c055","0x97dec872013f6b5fb443861090ad931542878126","","7.2135451","0","1277.735243563","0.000169486","0.03002105518","134.14","","",""
"0x971dc0b6700c0767417c866925fda0708bd57491bc9d84151237601011992a8e","7341533","1552222620","3/10/2019 12:57:00 PM","0x9c288e7f4dbd99e5753c4fb4c24cad3d73828ecb","0x97dec872013f6b5fb443861090ad931542878126","","0","0","0","0.000129268","0.02289724084","136.36","","",""
"0x17af0479ca92f2de568dba3b0f4eccf174097624fbd4cd05cdd161ffae348a7c","7345331","1552273176","3/11/2019 2:59:36 AM","0x2c5713746efb794a435bd1b790d911051ab8d04e","0x97dec872013f6b5fb443861090ad931542878126","","0.001909165","0","0.33817039645","0.000117372","0.02079010236","133.54","","",""
"0x9d9f2f54201b02e32074d592f7838e82de286ad4e51a5f20fb3172643f421881","7345333","1552273232","3/11/2019 3:00:32 AM","0x2c5713746efb794a435bd1b790d911051ab8d04e","0x97dec872013f6b5fb443861090ad931542878126","","0.25","0","44.2825","0.000101648","0.01800491024","133.54","","",""
"0x24af0365dcb3c2f6c1aaa7e6fa13caf3373cb00193495ed7c393635116322166","7345340","1552273306","3/11/2019 3:01:46 AM","0x2c5713746efb794a435bd1b790d911051ab8d04e","0x97dec872013f6b5fb443861090ad931542878126","","0.25","0","44.2825","0.000169486","0.03002105518","133.54","","",""
"0x9eb98f634917178f762ccd44a9558a5c720c5625c18f6ea3f6d3aecae5b6c83e","7348811","1552319950","3/11/2019 3:59:10 PM","0x12451617d21db5d0a378b8ae27112f9ed073e6d2","0x97dec872013f6b5fb443861090ad931542878126","","0","0","0","0.000110026","0.01948890538","133.54","","",""
"0x213aa0120ead04a370017ad4f994a2f38133446125111bbfdd01f3b3eaa697fd","7354711","1552399631","3/12/2019 2:07:11 PM","0xd95a49409529b1ee533c9a1166c9c669f21722e6","0x97dec872013f6b5fb443861090ad931542878126","","0","0","0","0.000453334","0.08029905142","134.37","","",""
"0xca48d0661ab8bc69c073dd8f9a7784386b3738c492a8aab5121f0fe55887b443","7356557","1552423651","3/12/2019 8:47:31 PM","0x00a7022bafa31d0b7345ae43f7c45afe625d088b","0x97dec872013f6b5fb443861090ad931542878126","","0","0","0","0.000129396","0.02291991348","134.37","","",""
"0x2cceaddf38605bf9394c1619896aa8bf6ef8786dc18e6ca8fb3894be8dab89b1","7361985","1552497724","3/13/2019 5:22:04 PM","0xf40486214bd8c510acfc619957bfd0a7d3c91d35","0x97dec872013f6b5fb443861090ad931542878126","","0.1","0","17.713","0.00013152","0.0232961376","132.93","","",""
"0x0d2c1c7490e10769f1eb9d2852e53adcd97781c20cb365f5fbe209429210f325","7364196","1552526718","3/14/2019 1:25:18 AM","0x293425f7e1f094cd06a264187d830b59e54cac1e","0x97dec872013f6b5fb443861090ad931542878126","","0.0000060475","0","0.001071193675","0.000175674","0.03111713562","132.89","","",""
"0x77fc6e9897799d40d5518bf1df1dea317669870d900cd5ecabe42a3c098c957e","7364821","1552534824","3/14/2019 3:40:24 AM","0x00a7022bafa31d0b7345ae43f7c45afe625d088b","0x97dec872013f6b5fb443861090ad931542878126","","0.2","0","35.426","0.000101648","0.01800491024","132.89","","",""
"0x6934878916862aebb9f8435f8c58757919c3cadcab3579889736958b2055142e","7366392","1552556531","3/14/2019 9:42:11 AM","0x10d49ff82809e51b35e520c795d14db5ab712868","0x97dec872013f6b5fb443861090ad931542878126","","0.0004","0","0.070852","0.000131392","0.02327346496","132.89","","",""
"0xaa28d4b8a9abd934c363887fc6f64d4f3551a1ea9a6eee4b4133a9cbddc91492","7368515","1552585081","3/14/2019 5:38:01 PM","0x00a7022bafa31d0b7345ae43f7c45afe625d088b","0x97dec872013f6b5fb443861090ad931542878126","","0","0","0","0.0001819692","0.032232204396","132.89","","",""
"0x6cfa97f5f8ce9034a5f901128254ff77904f7244b6ef229626b2a3dedc2d68ca","7369608","1552600140","3/14/2019 9:49:00 PM","0x00a7022bafa31d0b7345ae43f7c45afe625d088b","0x97dec872013f6b5fb443861090ad931542878126","","0.22","0","38.9686","0.000183474640050824","0.0324988629922025","132.89","","",""
"0xa15432834c16babcd9b0a5fee1e6946456fd880ca67218aee876e49e97d69e9c","7371906","1552630360","3/15/2019 6:12:40 AM","0x00a7022bafa31d0b7345ae43f7c45afe625d088b","0x97dec872013f6b5fb443861090ad931542878126","","0","0","0","0.0001424764","0.025236844732","138.52","","",""
"0xfcca10c8bed48452947e4e3f3a925d04dbc9fe380d88b9a44c3c374af093141c","7375540","1552679068","3/15/2019 7:44:28 PM","0x00a7022bafa31d0b7345ae43f7c45afe625d088b","0x97dec872013f6b5fb443861090ad931542878126","","0.15","0","26.5695","0.000203296","0.03600982048","138.52","","",""
"0x8c22ebb2c36d231f47d46e38c857d134aac9752230025ed703157a4c5ef037bd","7378440","1552717964","3/16/2019 6:32:44 AM","0x00a7022bafa31d0b7345ae43f7c45afe625d088b","0x97dec872013f6b5fb443861090ad931542878126","","0","0","0","0.000129978","0.02302300314","141.68","","",""
"0xba86168ad1097152995fa29e238bea5286d08ac5e1d4d28ef78033c95dabc5ec","7382347","1552769707","3/16/2019 8:55:07 PM","0x12451617d21db5d0a378b8ae27112f9ed073e6d2","0x97dec872013f6b5fb443861090ad931542878126","","0","0","0","0.000095026","0.01683195538","141.68","","",""
"0x6d99dbc9bd682fb1bd95b64efaed4a630c7add8121c77fc2ea4a9cabd7bed0e4","7383341","1552783064","3/17/2019 12:37:44 AM","0xe7d0ae1823582e5e6c3a0f9bb0526d380b16edf4","0x97dec872013f6b5fb443861090ad931542878126","","7.291751","0","1291.58785463","0.000278972","0.04941431036","139.74","","",""
"0x02e63852c9e518dbe9fcec43c4f7d65e426a763f1e91330cc631dd68e06568bb","7389749","1552869567","3/18/2019 12:39:27 AM","0x8c2fd1f3ae6162fd3cb3157222dc3979b42e699e","0x97dec872013f6b5fb443861090ad931542878126","","0.0074409875","0","1.318022115875","0.000221058","0.03915600354","138.50","","",""
"0x37712a1f6a1e4c0c897be664d871ffc3e8227d6accb551180c0e637f290a4a67","7389755","1552869667","3/18/2019 12:41:07 AM","0x8c2fd1f3ae6162fd3cb3157222dc3979b42e699e","0x97dec872013f6b5fb443861090ad931542878126","","0","0","0","0.000193902","0.03434586126","138.50","","",""
"0x4453471323f1300102232e1eb40688503c4f9e8492937e58d4113a10ef94899a","7390429","1552878529","3/18/2019 3:08:49 AM","0x8c2fd1f3ae6162fd3cb3157222dc3979b42e699e","0x97dec872013f6b5fb443861090ad931542878126","","0.0079211","0","1.403064443","0.0005585","0.098927105","138.50","Error(0)","Reverted",""
"0x14b63aa111f2f7c275ce618f639f7e4a2ef538945ff41ed2df50f0853d876cfb","7390444","1552878755","3/18/2019 3:12:35 AM","0x8c2fd1f3ae6162fd3cb3157222dc3979b42e699e","0x97dec872013f6b5fb443861090ad931542878126","","0.0079211","0","1.403064443","0.00029343","0.0519752559","138.50","","",""
"0x4cf3cb773f242499f6873d7667a2de8652454f38fe11c69fa8f3c7b245787927","7390451","1552878840","3/18/2019 3:14:00 AM","0x8c2fd1f3ae6162fd3cb3157222dc3979b42e699e","0x97dec872013f6b5fb443861090ad931542878126","","0","0","0","0.00032317","0.0572431021","138.50","","",""
"0x75068871398555d45e3f5f5f39230d569d241d9bb85038a73a42d128cdf804d4","7391880","1552898336","3/18/2019 8:38:56 AM","0x30ebde4e15bc07d0efc857a0d0330c87f5428199","0x97dec872013f6b5fb443861090ad931542878126","","0.4502","0","79.743926","0.000394944","0.06995643072","138.50","","",""
"0x7350a60ceba8f941273adc7250db475f35f4dfe6d602ba85c56ecfbc0b7355f9","7394601","1552934910","3/18/2019 6:48:30 PM","0x73fa9df99faaa8d110c5afd917355eba0f993362","0x97dec872013f6b5fb443861090ad931542878126","","0.0664471","0","11.769774823","0.00016923","0.0299757099","138.50","","",""
"0x5880904664e4f3788f76a7a354913221bea270ffc77f7b8c2af9486a7f1b3589","7395927","1552953303","3/18/2019 11:55:03 PM","0xb5990a6a5b077521306ae82db1caaafc5e110030","0x97dec872013f6b5fb443861090ad931542878126","","0.01","0","1.7713","0.00006576","0.0116480688","138.50","","",""
"0xa06238606683bad26c299c6cb5cc1b8989d7989ce854a470b5f9f47b047d45c8","7403412","1553054113","3/20/2019 3:55:13 AM","0xdda5b2788c9077f59e846c7b20e73a47fd3bcb76","0x97dec872013f6b5fb443861090ad931542878126","","0.1","0","17.713","0.00006576","0.0116480688","139.48","","",""
"0xf36f1eba90807873a9a7f2aad0c4439499b74d0de3bb9f49288a4c9c0169dfc1","7403431","1553054367","3/20/2019 3:59:27 AM","0xdda5b2788c9077f59e846c7b20e73a47fd3bcb76","0x97dec872013f6b5fb443861090ad931542878126","","0.095451","0","16.90723563","0.000084679","0.01499919127","139.48","","",""
"0x0b3fc0086a159ab5a4eb5bd5208c220a5ef3d6109be539d98757386d6e932665","7405658","1553083791","3/20/2019 12:09:51 PM","0x3dcdd9a8087a025d84fa7aa819148501099edd15","0x97dec872013f6b5fb443861090ad931542878126","","0.97","0","171.8161","0.000254229","0.04503158277","139.48","","",""
"0x3dfc82373cba6798be8d570e6c394c7752aeac4396cbbbf21306ba17543cc64f","7406997","1553101892","3/20/2019 5:11:32 PM","0x4f50d47d20380172746527bbeaa274940c38efac","0x97dec872013f6b5fb443861090ad931542878126","","5.5066626","0","975.395146338","0.000209229","0.03706073277","139.48","","",""
"0x7e771327ba54afbcd20da45eeba18feba9b37b591ecc78fedeb11201f4de9798","7408460","1553121353","3/20/2019 10:35:53 PM","0x8c2fd1f3ae6162fd3cb3157222dc3979b42e699e","0x97dec872013f6b5fb443861090ad931542878126","","0","0","0","0.000518096","0.09177034448","139.48","","",""
"0xc0ad46db0bd7ca3da82a9877c92e324d9d9d9eb2b8879ca7e1ed750c540d151e","7411561","1553163228","3/21/2019 10:13:48 AM","0x700e1acfa7cb783fe856adf2045e50c86be4aea0","0x97dec872013f6b5fb443861090ad931542878126","","0","0","0","0.000099396","0.01760601348","135.61","","",""
"0x40769798dd8e72bb4e4408bcd65e720a1730626e424f93bab26e12d71deaa41c","7411967","1553168672","3/21/2019 11:44:32 AM","0x8035ad96953db163cc85657387aecad9e59c8950","0x97dec872013f6b5fb443861090ad931542878126","","0.14803501","0","26.2214413213","0.000117372","0.02079010236","135.61","","",""
"0x369303e138d43479d635f900ea7f1c8a5093459d290fb13902ef6724ac99a9f3","7413049","1553183689","3/21/2019 3:54:49 PM","0xd6acae40796ec0435f743a03cc292e15c10f36c1","0x97dec872013f6b5fb443861090ad931542878126","","0.25","0","44.2825","0.000263296","0.04663762048","135.61","","",""
"0x2aeb0e0e35634b426f3068c786a11c6cf7da5fafc302fecf21c7c2c6cf2f9a27","7413051","1553183694","3/21/2019 3:54:54 PM","0xd6acae40796ec0435f743a03cc292e15c10f36c1","0x97dec872013f6b5fb443861090ad931542878126","","0.2","0","35.426","0.00025412","0.0450122756","135.61","","",""
"0xcb375e150325f21dc0d56ec9fe53ae539ab87d52537891d795b0dc37e11c97a2","7413541","1553190224","3/21/2019 5:43:44 PM","0x8035ad96953db163cc85657387aecad9e59c8950","0x97dec872013f6b5fb443861090ad931542878126","","0.03873885","0","6.8618125005","0.000117372","0.02079010236","135.61","","",""
"0xd045071fcb7ad3bb139cef217b50e8795f32abedd0382d22000f8ff4ce89b930","7414277","1553199986","3/21/2019 8:26:26 PM","0x8c2fd1f3ae6162fd3cb3157222dc3979b42e699e","0x97dec872013f6b5fb443861090ad931542878126","","0","0","0","0.000194094","0.03437987022","135.61","","",""
"0x679e819f6f0e429124005d5b243e8297a302377c4e10f817180fcebc93b5f426","7414765","1553206544","3/21/2019 10:15:44 PM","0x3ec44a823e07555b5f889d8d954eec736eb5865b","0x97dec872013f6b5fb443861090ad931542878126","","0","0","0","0.000099268","0.01758334084","135.61","","",""
"0xdb9b426474352364efc2a1e6bf05e38c6fcfaa8ad93135e07a5e43294403ea0c","7415326","1553214168","3/22/2019 12:22:48 AM","0xe7d0ae1823582e5e6c3a0f9bb0526d380b16edf4","0x97dec872013f6b5fb443861090ad931542878126","","0","0","0","0.0003579","0.063394827","137.79","","",""
"0x4f8e92b7cd603243e6e83ae4f0613899fcdebecd6cec6110789c7a65b5d35623","7418975","1553263562","3/22/2019 2:06:02 PM","0x8035ad96953db163cc85657387aecad9e59c8950","0x97dec872013f6b5fb443861090ad931542878126","","0.0769136425","0","13.623713496025","0.000352116","0.06237030708","137.79","","",""
"0x9b583959f2ff80bb3c6d669c877604866e95e242c1861c79e0293fa71cbddce3","7419010","1553263998","3/22/2019 2:13:18 PM","0x8035ad96953db163cc85657387aecad9e59c8950","0x97dec872013f6b5fb443861090ad931542878126","","0","0","0","0.00083492","0.1478893796","137.79","","",""
"0xca0df74f205c772f6283a37fdf6c5f2e08f39fa67186fc5fb19daa4c910919da","7420056","1553278089","3/22/2019 6:08:09 PM","0xd18a54f89603fe4301b29ef6a8ab11b9ba24f139","0x97dec872013f6b5fb443861090ad931542878126","","0","0","0","0.000156233","0.02767355129","137.79","","",""
"0xe450ff4da0d4e4411b001d9c7270c0587e8359a777a09942dcedb35a2c222cf4","7420103","1553278738","3/22/2019 6:18:58 PM","0xd18a54f89603fe4301b29ef6a8ab11b9ba24f139","0x97dec872013f6b5fb443861090ad931542878126","","0","0","0","0.000163771","0.02900875723","137.79","","",""
"0x74a79e64c43ecd213f321815f7d02e996731b64609931d20ee427dfab771f955","7427878","1553383180","3/23/2019 11:19:40 PM","0xc49b6c714feaf22b12eb02a01521dab6edd1fcbd","0x97dec872013f6b5fb443861090ad931542878126","","0.15","0","26.5695","0.000076236","0.01350368268","137.74","","",""
"0x4261f739734828158a114cea0d88e8d3dc57120ca33c7dedeabdf949c74fbdca","7427915","1553383659","3/23/2019 11:27:39 PM","0xc49b6c714feaf22b12eb02a01521dab6edd1fcbd","0x97dec872013f6b5fb443861090ad931542878126","","25.2","0","4463.676","0.000169614","0.03004372782","137.74","","",""
"0x96bc61987b8779dc463f55f1387a1ec433dd0605e3c015fb45705499241a7f4c","7427953","1553384208","3/23/2019 11:36:48 PM","0x6f9bb7e454f5b3eb2310343f0e99269dc2bb8a1d","0x97dec872013f6b5fb443861090ad931542878126","","0","0","0","0.000064634","0.01144862042","137.74","","",""
"0x0a90df0d6984e94e2fcb80da210108067c5d1295c876d7b2394cd1eff8fd5135","7427959","1553384323","3/23/2019 11:38:43 PM","0x6f9bb7e454f5b3eb2310343f0e99269dc2bb8a1d","0x97dec872013f6b5fb443861090ad931542878126","","0.09","0","15.9417","0.000084679","0.01499919127","137.74","","",""
"0xec4ce11aa6614a1d87e5b66cd18ec36686408fe1ae6e17a5929acf89ea6bed04","7436860","1553503621","3/25/2019 8:47:01 AM","0x38caf77dfe8e588ec4179b8c395644312fc85c49","0x97dec872013f6b5fb443861090ad931542878126","","0.00000287","0","0.0005083631","0.0001619684","0.028689462692","133.96","","",""
"0x289a5405786d5c9210b08bea38998799353ac1ab8378e481c8223504be1b7d5f","7438781","1553529747","3/25/2019 4:02:27 PM","0x54bc3fe4e8c377246acd5b4c25705c1b4324e859","0x97dec872013f6b5fb443861090ad931542878126","","2.461892751675708","0","436.075063104318","0.000658240000065824","0.116594051211659","133.96","","",""
"0x7501ca9a5d8008470af2f83c3a55b981ef8d2cb4dcb121cb0abbe0a045abe2e9","7438781","1553529747","3/25/2019 4:02:27 PM","0x8c2fd1f3ae6162fd3cb3157222dc3979b42e699e","0x97dec872013f6b5fb443861090ad931542878126","","0.23693409","0","41.9681353617","0.0005875","0.104063875","133.96","","",""
"0xbe8d9ecb7c19785bcaf2282da769c81a302b812e34e4e726f091467b838f941a","7438781","1553529747","3/25/2019 4:02:27 PM","0x54bc3fe4e8c377246acd5b4c25705c1b4324e859","0x97dec872013f6b5fb443861090ad931542878126","","0","0","0","0.0011169999998883","0.197854209980215","133.96","Error(0)","Reverted",""
"0x0a6713e832dbe284dc364685f4f7e08238bbc95164d8494620bed858113fd793","7438814","1553530261","3/25/2019 4:11:01 PM","0x12451617d21db5d0a378b8ae27112f9ed073e6d2","0x97dec872013f6b5fb443861090ad931542878126","","0","0","0","0.0002941838","0.052108776494","133.96","","",""
"0x868e5bbad1fd4856901458b4bd3de42b4ede0d8ba8647dc88985d48f48e275b2","7439546","1553539922","3/25/2019 6:52:02 PM","0x8c2fd1f3ae6162fd3cb3157222dc3979b42e699e","0x97dec872013f6b5fb443861090ad931542878126","","0.12349603","0","21.8748517939","0.000176058","0.03118515354","133.96","","",""
"0x8695d4467d712b759265ee79ed443c36f8180e9e58613c5b299da2bd808e8d02","7439597","1553540723","3/25/2019 7:05:23 PM","0x54bc3fe4e8c377246acd5b4c25705c1b4324e859","0x97dec872013f6b5fb443861090ad931542878126","","2.4445218729095286","0","432.998159348465","0.000329120000065824","0.0582970256116594","133.96","","",""
"0x6ba601e2e9434f262235223f1ca068fc3d0618bce299cf0300635a85c73315a5","7439597","1553540723","3/25/2019 7:05:23 PM","0x8c2fd1f3ae6162fd3cb3157222dc3979b42e699e","0x97dec872013f6b5fb443861090ad931542878126","","0.59247085","0","104.9443616605","0.00029375","0.0520319375","133.96","","",""
"0x88787aa32742e6860c211b2f8ee555fc6a2110ed6c7c565e96570e1278c3d882","7439597","1553540723","3/25/2019 7:05:23 PM","0x54bc3fe4e8c377246acd5b4c25705c1b4324e859","0x97dec872013f6b5fb443861090ad931542878126","","0","0","0","0.000324129999935174","0.0574131468885174","133.96","","",""
"0x4cc3e4def1cd2dfff688392f0aa45217b199de6d1e5e32547c2f875c0f45ba38","7439622","1553541060","3/25/2019 7:11:00 PM","0xc64de5e0f97c21606e1f31426eb5c98ab729c08e","0x97dec872013f6b5fb443861090ad931542878126","","0","0","0","0.000129268","0.02289724084","133.96","","",""
"0x95b49a1b4727f4472d9e27d014cc26c8c5328675939fb88d4bb261916b21ef8e","7440578","1553554137","3/25/2019 10:48:57 PM","0x4cb590ee9f6d0f55935e7831f630bc05d4bcf638","0x97dec872013f6b5fb443861090ad931542878126","","0.03","0","5.3139","0.00013152","0.0232961376","133.96","","",""
"0x97f28a960c5e7a9204208b4524e68574ccda0eee571d320ef3b2897e20dbdf69","7444449","1553606309","3/26/2019 1:18:29 PM","0xc49b6c714feaf22b12eb02a01521dab6edd1fcbd","0x97dec872013f6b5fb443861090ad931542878126","","12","0","2125.56","0.000348715","0.06176788795","134.29","","",""
"0xf51fe0ee826efedf88c15c51d02f2822379eb345f333066b3c155e966ec3ebf7","7444851","1553612015","3/26/2019 2:53:35 PM","0x12451617d21db5d0a378b8ae27112f9ed073e6d2","0x97dec872013f6b5fb443861090ad931542878126","","0","0","0","0.0002420572","0.042875591836","134.29","","",""
"0x66298206478bf2b475b75471dcf7b6a7d0233c1abe5b997ec5d79b46b1e7abbb","7446011","1553627976","3/26/2019 7:19:36 PM","0x73fa9df99faaa8d110c5afd917355eba0f993362","0x97dec872013f6b5fb443861090ad931542878126","","0","0","0","0.000142776","0.02528991288","134.29","","",""
"0xa6e233241c0a13e398751d66f212a8c27e08fedf93559644c6b63d0a2ad2e999","7452006","1553708463","3/27/2019 5:41:03 PM","0x700e1acfa7cb783fe856adf2045e50c86be4aea0","0x97dec872013f6b5fb443861090ad931542878126","","0","0","0","0.000113233770102474","0.0200570976982512","138.85","","",""
"0xaf27a155201896c0915f7802789a081428d569b66c96d42c6d043351177bb457","7452522","1553715143","3/27/2019 7:32:23 PM","0x54bc3fe4e8c377246acd5b4c25705c1b4324e859","0x97dec872013f6b5fb443861090ad931542878126","","2.9508617296950623","0","522.686138180886","0.000304944000050824","0.0540147307290025","138.85","","",""
"0x03be8a01b26208b069b545c1d702ee06c123856402f49aa8912c5d20c4bbf826","7452522","1553715143","3/27/2019 7:32:23 PM","0x8c2fd1f3ae6162fd3cb3157222dc3979b42e699e","0x97dec872013f6b5fb443861090ad931542878126","","0.25232636","0","44.6945681468","0.0003525","0.062438325","138.85","","",""
"0xfae6a260671d607ab72fa7d8ef737fa2d75cc3df680b8ef5cbb901e896e53b50","7452522","1553715143","3/27/2019 7:32:23 PM","0x54bc3fe4e8c377246acd5b4c25705c1b4324e859","0x97dec872013f6b5fb443861090ad931542878126","","0","0","0","0.0006701999998883","0.118712525980215","138.85","Error(0)","Reverted",""
"0x3a856c6a12430fa65f080464cacb90bf4d47e8958cc9397252327ff7d256cce8","7452562","1553715603","3/27/2019 7:40:03 PM","0x8c2fd1f3ae6162fd3cb3157222dc3979b42e699e","0x97dec872013f6b5fb443861090ad931542878126","","0","0","0","0.000388572","0.06882775836","138.85","","",""
"0x64bb71aa8799d841ce12361bfb03ee5b295e7b76f533ec4b8adc84ce7da1459a","7458512","1553796365","3/28/2019 6:06:05 PM","0x4e8fec144a5da08b59d6cda33de1334199cbce10","0x97dec872013f6b5fb443861090ad931542878126","","0","0","0","0.000189796","0.03361856548","138.39","","",""
"0xbf8ff17f9ddb5e6f10b49edca446f70eb392c0429bde088ffffc68818cfa94f5","7458945","1553802649","3/28/2019 7:50:49 PM","0xddca4cfee0230162781777b2bbfcee4a0eed7bb3","0x97dec872013f6b5fb443861090ad931542878126","","0.02","0","3.5426","0.00006576","0.0116480688","138.39","","",""
"0xc01a774055990569d2c0ae2ebe81bba88daa2caf8522af4e4656456967125b5a","7465967","1553897335","3/29/2019 10:08:55 PM","0x6f9bb7e454f5b3eb2310343f0e99269dc2bb8a1d","0x97dec872013f6b5fb443861090ad931542878126","","1.922959","0","340.61372767","0.000069743","0.01235357759","144.41","","",""
"0xe461540a7051b029dc8376b386ca9b0092ca91fdcd17be943a0a3b34257c7a96","7466368","1553902795","3/29/2019 11:39:55 PM","0xe80d953d0b4f2931549473e803c95f559b6ea58e","0x97dec872013f6b5fb443861090ad931542878126","","0","0","0","0.000094962","0.01682061906","144.41","","",""
"0x77781fa356b00b98e17de57a5efccc5cea0c3c60e49d8f9ec165b74c34f00665","7466703","1553907068","3/30/2019 12:51:08 AM","0x8c2fd1f3ae6162fd3cb3157222dc3979b42e699e","0x97dec872013f6b5fb443861090ad931542878126","","0","0","0","0.00032381","0.0573564653","144.00","","",""
"0x768475e9d668844dcf99a0747eee6025a98e9d38a0c6d95b7511d71502539d53","7467571","1553919383","3/30/2019 4:16:23 AM","0xa0710d3b4ba0f848f7edf9cc827af70a183ead26","0x97dec872013f6b5fb443861090ad931542878126","","0","0","0","0.0005013034","0.088795871242","144.00","","",""
"0x878ff9c4660c1deb1d1d7fcb472f71643db2c1028d3750e251c3057fc66bfada","7469042","1553939682","3/30/2019 9:54:42 AM","0x6f9bb7e454f5b3eb2310343f0e99269dc2bb8a1d","0x97dec872013f6b5fb443861090ad931542878126","","0","0","0","0.00014316","0.0253579308","144.00","","",""
"0xa9488fe4f9b308c2de538df58c5e5606cd33ec05d39cfbb540e7648e6c32732d","7469800","1553950365","3/30/2019 12:52:45 PM","0x6f9bb7e454f5b3eb2310343f0e99269dc2bb8a1d","0x97dec872013f6b5fb443861090ad931542878126","","1.9879018","0","352.117045834","0.000139486","0.02470715518","144.00","","",""
"0x2ef9b8092e02925f660d67835c65d0b139397151dd2c41ab9c1f61ed90db0b0b","7470841","1553964344","3/30/2019 4:45:44 PM","0x8c2fd1f3ae6162fd3cb3157222dc3979b42e699e","0x97dec872013f6b5fb443861090ad931542878126","","0.14426633","0","25.5538950329","0.00029375","0.0520319375","144.00","","",""
"0x970a88c240826bf483dfbc37f132847bbd3d4bfca020266df8c35d3a38cbfde4","7470916","1553965204","3/30/2019 5:00:04 PM","0x35e283f461a9ca2e3a5765e72815c8d1dcb66ad6","0x97dec872013f6b5fb443861090ad931542878126","","0","0","0","0.000259048","0.04588517224","144.00","","",""
"0x7e6749666655a994c751e4f228aa76ee28010f270cc3468ca2772142bf53867b","7470926","1553965389","3/30/2019 5:03:09 PM","0x35e283f461a9ca2e3a5765e72815c8d1dcb66ad6","0x97dec872013f6b5fb443861090ad931542878126","","0.1","0","17.713","0.000338716","0.05999676508","144.00","","",""
"0x92ab8fbbebfa77aa6dd0ec548729a47700680cc8585a8295a5021f669ab24e64","7470980","1553966173","3/30/2019 5:16:13 PM","0x35e283f461a9ca2e3a5765e72815c8d1dcb66ad6","0x97dec872013f6b5fb443861090ad931542878126","","0.075","0","13.28475","0.000278716","0.04936896508","144.00","","",""
"0xdae7bb9f3547ea7cf0123382cdcb8970dbc0ed9ea314ed3c40d8debbfc2012cd","7471605","1553974530","3/30/2019 7:35:30 PM","0x29551e478d69c99f320a129c8e4329f6156e60ed","0x97dec872013f6b5fb443861090ad931542878126","","0","0","0","0.000193902","0.03434586126","144.00","","",""
"0x7e5f9104d7cce87ba343e5c65512c89d440c5fafcf5fe45c7ff4f383bdd89001","7473684","1554002222","3/31/2019 3:17:02 AM","0x6f9bb7e454f5b3eb2310343f0e99269dc2bb8a1d","0x97dec872013f6b5fb443861090ad931542878126","","0","0","0","0.00028632","0.0507158616","143.26","","",""
"0x3e9a09e0b79c26312d4da595606ed4998c03a0256952ea6f58d9a78e458ab995","7474356","1554011279","3/31/2019 5:47:59 AM","0x6f9bb7e454f5b3eb2310343f0e99269dc2bb8a1d","0x97dec872013f6b5fb443861090ad931542878126","","1.994436","0","353.27444868","0.000139486","0.02470715518","143.26","","",""
"0x16a483d4b8f5a3a69e1b3f56700bba39bbc2da46a5912fdbd76e5404de5430f5","7478160","1554062450","3/31/2019 8:00:50 PM","0x6dc30a42c431f58787a139ba2ec4543752fb1395","0x97dec872013f6b5fb443861090ad931542878126","","0.03","0","5.3139","0.00010152","0.0179822376","143.26","","",""
"0x5a66f823793dea5d99a272a0e19b60939756e1ad646c914b7b2b1cb04c886278","7478173","1554062593","3/31/2019 8:03:13 PM","0x35e283f461a9ca2e3a5765e72815c8d1dcb66ad6","0x97dec872013f6b5fb443861090ad931542878126","","0","0","0","0.00030331848","0.0537268023624","143.26","","",""
"0xb4beed79fb7b08dd4e144cce74f7871a0235f7521995e146a5c69a7973a2fe69","7485200","1554156422","4/1/2019 10:07:02 PM","0xe80d953d0b4f2931549473e803c95f559b6ea58e","0x97dec872013f6b5fb443861090ad931542878126","","0","0","0","0.000099524","0.01762868612","142.39","","",""
"0x69df8802a34e5ab56c4c08dddd15c425dadc952d5a50d4881955eab67e995f48","7488588","1554203674","4/2/2019 11:14:34 AM","0x8c2fd1f3ae6162fd3cb3157222dc3979b42e699e","0x97dec872013f6b5fb443861090ad931542878126","","0","0","0","0.00032317","0.0572431021","164.93","","",""
"0xe939783c5fe4119d6c99ef031725e8f61b9752ebf790a131b25b0f68a779b1f8","7489198","1554212068","4/2/2019 1:34:28 PM","0x8c2fd1f3ae6162fd3cb3157222dc3979b42e699e","0x97dec872013f6b5fb443861090ad931542878126","","0","0","0","0.001036192","0.18354068896","164.93","","",""
"0x78f349a848e04cdfa0117957395bc070331e857e6dd52c39f4dabcd08753194f","7490559","1554229689","4/2/2019 6:28:09 PM","0x8c2fd1f3ae6162fd3cb3157222dc3979b42e699e","0x97dec872013f6b5fb443861090ad931542878126","","0","0","0","0.00032317","0.0572431021","164.93","","",""
"0x6d00ea547c610a64c7b1899799be646659c55f5c8eee0bc17e74b805ab457de2","7490991","1554235761","4/2/2019 8:09:21 PM","0xddca4cfee0230162781777b2bbfcee4a0eed7bb3","0x97dec872013f6b5fb443861090ad931542878126","","0.4095","0","72.534735","0.000050824000101648","0.00900245513800491","164.93","","",""
"0xab5f1e158442bdb494a286224e96e64d9142115bed5dce49d8ee26010ce2b5b9","7490991","1554235761","4/2/2019 8:09:21 PM","0x54bc3fe4e8c377246acd5b4c25705c1b4324e859","0x97dec872013f6b5fb443861090ad931542878126","","0","0","0","0.000076861000076861","0.0136143889436144","164.93","Error(0)","Reverted",""
"0x6ab2eab262dd70fae7dfbacee92fa0f1cceaff74f24821332c97d5598d33eae5","7491441","1554241294","4/2/2019 9:41:34 PM","0x035ce7cdacac02f98670c882f6cd4fad737949ac","0x97dec872013f6b5fb443861090ad931542878126","","0","0","0","0.000259048","0.04588517224","164.93","","",""
"0x25263783392e75875133fc4582f3deb8e17516e853a65d3a9d5dab800baff4ca","7491592","1554243367","4/2/2019 10:16:07 PM","0x8c2fd1f3ae6162fd3cb3157222dc3979b42e699e","0x97dec872013f6b5fb443861090ad931542878126","","0.34100715","0","60.4025964795","0.00047","0.0832511","164.93","","",""
"0x57ba9e2460dbeab96bda92e0f05ed8441c388ed8e482bffb691b87dbfc1ec374","7491592","1554243367","4/2/2019 10:16:07 PM","0x54bc3fe4e8c377246acd5b4c25705c1b4324e859","0x97dec872013f6b5fb443861090ad931542878126","","0","0","0","0.000518607999935174","0.0918610350285174","164.93","","",""
"0x3101e4df45576809888c6d601bf262fecf17c48c56f29f9205169ebc9d05e7cd","7491904","1554247852","4/2/2019 11:30:52 PM","0x8c2fd1f3ae6162fd3cb3157222dc3979b42e699e","0x97dec872013f6b5fb443861090ad931542878126","","0","0","0","0.00032317","0.0572431021","164.93","","",""
"0x7439d7c7dbb0a4f14d6a3aaf4d2da236f92a7d0533f2add6d9349ca43786d9b8","7492150","1554251088","4/3/2019 12:24:48 AM","0x8c2fd1f3ae6162fd3cb3157222dc3979b42e699e","0x97dec872013f6b5fb443861090ad931542878126","","0","0","0","0.00064634","0.1144862042","161.18","","",""
"0xb14d3250a4e69590ebbc12a79f06d2ebdcbf9c15f76bef93aae1e131d84cdb79","7493446","1554268831","4/3/2019 5:20:31 AM","0xa0710d3b4ba0f848f7edf9cc827af70a183ead26","0x97dec872013f6b5fb443861090ad931542878126","","0","0","0","0.0003577915","0.063375608395","161.18","","",""
"0xc3d0dd882d465290482d6b508769d8d0004beba96112de705cc111cf031e0f5d","7495499","1554297394","4/3/2019 1:16:34 PM","0x1bdb1783505f626a55a5e3dd3e366df1cd69c055","0x97dec872013f6b5fb443861090ad931542878126","","0","0","0","0.0007158","0.126789654","161.18","","",""
"0x3bf3a5af846cd365facfffb1cc76914b248cdb55d3b0d99f95e668b27b6a3fbd","7495512","1554297576","4/3/2019 1:19:36 PM","0x1bdb1783505f626a55a5e3dd3e366df1cd69c055","0x97dec872013f6b5fb443861090ad931542878126","","0","0","0","0.00064698","0.1145995674","161.18","","",""
"0x04c769296b178bd406ab1ab0bf631c6b0c21719a616bdfcb855fca0baba07181","7495514","1554297614","4/3/2019 1:20:14 PM","0x8c2fd1f3ae6162fd3cb3157222dc3979b42e699e","0x97dec872013f6b5fb443861090ad931542878126","","0.3107104","0","55.036133152","0.0008225","0.145689425","161.18","","",""
"0x592ec3509781da2023c6601952f5d2db13e2eb5a5be5838733e48213de58fad9","7495514","1554297614","4/3/2019 1:20:14 PM","0x54bc3fe4e8c377246acd5b4c25705c1b4324e859","0x97dec872013f6b5fb443861090ad931542878126","","0","0","0","0.0029637999997883","0.524977893962502","161.18","Error(0)","Reverted",""
"0x53b2aa5cf0f06b4dc54f15f8a1797cebf59c0ec297d0f40dcf6893366ebecd59","7496201","1554306994","4/3/2019 3:56:34 PM","0xa0710d3b4ba0f848f7edf9cc827af70a183ead26","0x97dec872013f6b5fb443861090ad931542878126","","0","0","0","0.000941013","0.16668163269","161.18","","",""
"0xb9913930292421f084fc5bb982794cb049592443fdbd86eb3dcf4545ad54a068","7496203","1554307051","4/3/2019 3:57:31 PM","0x8c2fd1f3ae6162fd3cb3157222dc3979b42e699e","0x97dec872013f6b5fb443861090ad931542878126","","0.32233135","0","57.0945520255","0.00047","0.0832511","161.18","","",""
"0x8f87cb2d02de5f11b163774a0dd4184f05121ee642aa9548df9ec519460b3791","7496203","1554307051","4/3/2019 3:57:31 PM","0x54bc3fe4e8c377246acd5b4c25705c1b4324e859","0x97dec872013f6b5fb443861090ad931542878126","","0","0","0","0.0016935999997883","0.299987367962502","161.18","Error(0)","Reverted",""
"0x06b8d01aebc4880644291027d7b688a2e506c3d9b5737efe395fb786c34cfe6b","7496259","1554307817","4/3/2019 4:10:17 PM","0x8c2fd1f3ae6162fd3cb3157222dc3979b42e699e","0x97dec872013f6b5fb443861090ad931542878126","","0","0","0","0.00129524","0.2294258612","161.18","","",""
"0x165b8e34aff64121d120c0c94a09673b15834dd2389f00fe129d347b6ca719d3","7496492","1554310797","4/3/2019 4:59:57 PM","0x8c2fd1f3ae6162fd3cb3157222dc3979b42e699e","0x97dec872013f6b5fb443861090ad931542878126","","0","0","0","0.000712382","0.12618422366","161.18","","",""
"0xe39d5dce0754d685db7ab6fcdf093aff526a45d75d3755e73a7feee10e9e545d","7496747","1554314519","4/3/2019 6:01:59 PM","0x00a7022bafa31d0b7345ae43f7c45afe625d088b","0x97dec872013f6b5fb443861090ad931542878126","","0","0","0","0.000388572","0.06882775836","161.18","","",""
"0x577f961c7d1526ca0057d41f23e2640f63541e6cdff7bf555647bdcbf0f8aa7d","7497364","1554322812","4/3/2019 8:20:12 PM","0xa0b8fa1ebb60378dd25d4c224d8c916a4d30bea9","0x97dec872013f6b5fb443861090ad931542878126","","0","0","0","0.00032349","0.0572997837","161.18","","",""
"0x73b8f75d9cf0293fb648acdde52111bdef26eebc6d587129135f79765863b9db","7497446","1554323862","4/3/2019 8:37:42 PM","0x8c2fd1f3ae6162fd3cb3157222dc3979b42e699e","0x97dec872013f6b5fb443861090ad931542878126","","0.31195505","0","55.2565980065","0.0005875","0.104063875","161.18","","",""
"0xa74301cb384eb33446fa906e21ebabf96cf543b8612811b6cbce8d71dc5e85ad","7497735","1554327592","4/3/2019 9:39:52 PM","0x0558b7a135ccfe3a59de45a239ae3a765d7ab1a2","0x97dec872013f6b5fb443861090ad931542878126","","0","0","0","0.00055013","0.0974445269","161.18","","",""
"0xb1ddefcb119a652c87f222afafcee122c0260fa19a70d44c1cdfd0af42621a79","7497929","1554330393","4/3/2019 10:26:33 PM","0x8c2fd1f3ae6162fd3cb3157222dc3979b42e699e","0x97dec872013f6b5fb443861090ad931542878126","","0.26235871","0","46.4715983023","0.00064625","0.1144702625","161.18","","",""
"0xe383674c64b9b62cac2a6af98da40538f631f7e42f37664c8c1a8b74cd50eda7","7498093","1554332576","4/3/2019 11:02:56 PM","0x8c2fd1f3ae6162fd3cb3157222dc3979b42e699e","0x97dec872013f6b5fb443861090ad931542878126","","0.20839063","0","36.9122322919","0.00041125","0.0728447125","161.18","","",""
"0x837ed7f1316a02f0a7a319505d15faec9d8646a6785912e22ed1dae0890c420d","7498178","1554333576","4/3/2019 11:19:36 PM","0xa0b8fa1ebb60378dd25d4c224d8c916a4d30bea9","0x97dec872013f6b5fb443861090ad931542878126","","0","0","0","0.000517072","0.09158896336","161.18","","",""
"0x908d0e145854dbe4dea048940ef3978408c021701c2b9c2e0685c48ad78f17cb","7498230","1554334257","4/3/2019 11:30:57 PM","0xa0b8fa1ebb60378dd25d4c224d8c916a4d30bea9","0x97dec872013f6b5fb443861090ad931542878126","","0","0","0","0.00032349","0.0572997837","161.18","","",""
"0x89e5d11f1458c7491e89259e4de2115a6c5ca82780aabda9d6fad28c587c676e","7498705","1554340246","4/4/2019 1:10:46 AM","0x8c2fd1f3ae6162fd3cb3157222dc3979b42e699e","0x97dec872013f6b5fb443861090ad931542878126","","0","0","0","0.000777144","0.13765551672","162.44","","",""
"0x230c68d3bb23379693de6ff8f9aad10620181d1107874f7c253e6c8c9abf483f","7499489","1554351020","4/4/2019 4:10:20 AM","0x8c2fd1f3ae6162fd3cb3157222dc3979b42e699e","0x97dec872013f6b5fb443861090ad931542878126","","0.20229004","0","35.8316347852","0.00029375","0.0520319375","162.44","","",""
"0x5b1ae512166b45b68c06453a0572a5ed7a675e1636ce3a55609670fe98d812b7","7502055","1554385783","4/4/2019 1:49:43 PM","0x8035ad96953db163cc85657387aecad9e59c8950","0x97dec872013f6b5fb443861090ad931542878126","","0","0","0","0.000365828721287168","0.0647992414015961","162.44","","",""
"0xeefec12072d841d54de7261b285690e8ba3b0420dcb6c22511b58a1a6f856daf","7502221","1554388110","4/4/2019 2:28:30 PM","0xa0b8fa1ebb60378dd25d4c224d8c916a4d30bea9","0x97dec872013f6b5fb443861090ad931542878126","","0","0","0","0.000518096","0.09177034448","162.44","","",""
"0x034e2fa364faccb0b4ec5e4f933d688a0666785c93abbfd38a7d17b2f8b95d68","7502325","1554389488","4/4/2019 2:51:28 PM","0x00007a2b060a12ae74267dc3f630908742966338","0x97dec872013f6b5fb443861090ad931542878126","","0","0","0","0.000596376","0.10563608088","162.44","","",""
"0x86e41c965aeac764f2df633fe5ae3f5310f36d8a1384ca8ae4db76b96b48c58d","7502367","1554390050","4/4/2019 3:00:50 PM","0x8c2fd1f3ae6162fd3cb3157222dc3979b42e699e","0x97dec872013f6b5fb443861090ad931542878126","","0.33993025","0","60.2118451825","0.0003525","0.062438325","162.44","","",""
"0x90a0f739397cf27789fd871097f0c98d8fa198a5280b80856aa056d7fd5195d1","7502719","1554394949","4/4/2019 4:22:29 PM","0x8c2fd1f3ae6162fd3cb3157222dc3979b42e699e","0x97dec872013f6b5fb443861090ad931542878126","","0.15568159","0","27.5758800367","0.00064625","0.1144702625","162.44","","",""
"0x3125e28ceb09f74cd95ddfcdd69dfa7baec384d31b4881dde8e151471a5b890a","7502754","1554395462","4/4/2019 4:31:02 PM","0x8c2fd1f3ae6162fd3cb3157222dc3979b42e699e","0x97dec872013f6b5fb443861090ad931542878126","","0.13521125","0","23.9499687125","0.00047","0.0832511","162.44","","",""
"0xb685e4f8d063ec70db939ff43423e995472e930a8f8cef84c119b5b27c2c933a","7502823","1554396329","4/4/2019 4:45:29 PM","0x0087366b4a4e44fcb96b7d0897d68c3daf45780a","0x97dec872013f6b5fb443861090ad931542878126","","1","0","177.13","0.000789888","0.13991286144","162.44","","",""
"0x8753dd00e18c8a9a197cae28a6a8f36439903794b3b121900a71cbcf21553818","7502862","1554396789","4/4/2019 4:53:09 PM","0x8c2fd1f3ae6162fd3cb3157222dc3979b42e699e","0x97dec872013f6b5fb443861090ad931542878126","","0","0","0","0.00064762","0.1147129306","162.44","","",""
"0x143088896908b611e02e160b0733ae6b134f14405a88f5a2c8eadfe4f4c71128","7503170","1554400767","4/4/2019 5:59:27 PM","0xddca4cfee0230162781777b2bbfcee4a0eed7bb3","0x97dec872013f6b5fb443861090ad931542878126","","0","0","0","0.000259048","0.04588517224","162.44","","",""
"0x35a4d57d31bf27190658b7d8f0f1174c326cae75b3540d0c66a0a35a4ebf7b2e","7503274","1554402292","4/4/2019 6:24:52 PM","0x260f105a6044cc069ca3c573ba04cb9d18ffdbd8","0x97dec872013f6b5fb443861090ad931542878126","","0","0","0","0.0002531334","0.044837519142","162.44","","",""
"0x2a9113824a71922e0d68c25dbe65f452bf73b43045e016361336675fb9ef6424","7503513","1554405580","4/4/2019 7:19:40 PM","0xddca4cfee0230162781777b2bbfcee4a0eed7bb3","0x97dec872013f6b5fb443861090ad931542878126","","0.1","0","17.713","0.000209196","0.03705488748","162.44","","",""
"0x79a4c379076a28a061bed5a5c221d63da88eae6020ead90729bc676dbaba8708","7503566","1554406376","4/4/2019 7:32:56 PM","0xddca4cfee0230162781777b2bbfcee4a0eed7bb3","0x97dec872013f6b5fb443861090ad931542878126","","0.05","0","8.8565","0.000423075","0.07493927475","162.44","","",""
"0x31645005e553bb5385ce3548eac43308b272ccf6d3c185f6a57083380e710c4f","7504169","1554414231","4/4/2019 9:43:51 PM","0x8c2fd1f3ae6162fd3cb3157222dc3979b42e699e","0x97dec872013f6b5fb443861090ad931542878126","","0","0","0","0.000453334","0.08029905142","162.44","","",""
"0xc5cd30643d5aa2b7524f917429d2b8cc63baecf4e280d130712e9fba29739e03","7505016","1554425604","4/5/2019 12:53:24 AM","0x8c2fd1f3ae6162fd3cb3157222dc3979b42e699e","0x97dec872013f6b5fb443861090ad931542878126","","0","0","0","0.00032381","0.0573564653","158.26","","",""
"0x9b3f5f0848631922e6b379618dced4c1182b9fc31512fc94ce05f4d2ebb268c2","7505322","1554429764","4/5/2019 2:02:44 AM","0xddca4cfee0230162781777b2bbfcee4a0eed7bb3","0x97dec872013f6b5fb443861090ad931542878126","","0","0","0","0.0002141854164","0.037938662806932","158.26","","",""
"0x3e71117f1a6fb8f7c906148805fb51a78bdd38b7dc7689045ee89a3250945318","7507585","1554460751","4/5/2019 10:39:11 AM","0xc49b6c714feaf22b12eb02a01521dab6edd1fcbd","0x97dec872013f6b5fb443861090ad931542878126","","0","0","0","0.000452438","0.08014034294","158.26","","",""
"0xac599297d3d1a456d2972f5541241d2b942affc8697903f924b02245cc340692","7507594","1554460849","4/5/2019 10:40:49 AM","0xc49b6c714feaf22b12eb02a01521dab6edd1fcbd","0x97dec872013f6b5fb443861090ad931542878126","","0","0","0","0.000430632","0.07627784616","158.26","","",""
"0xba328a898307be5cb7196a13c31699e2ecad6cc36230b0fca825a8dc6a9003b2","7508806","1554477499","4/5/2019 3:18:19 PM","0xa0b8fa1ebb60378dd25d4c224d8c916a4d30bea9","0x97dec872013f6b5fb443861090ad931542878126","","0","0","0","0.000194286","0.03441387918","158.26","","",""
"0x54885780d2622d2eb17b633ad87ac2f964890a9fc6c3916c34edaa7f4b9a0c7d","7510345","1554498276","4/5/2019 9:04:36 PM","0x09e827754afd61de6fc7b2279fc0e4c7ae210030","0x97dec872013f6b5fb443861090ad931542878126","","0.1","0","17.713","0.000254229","0.04503158277","158.26","","",""
"0x0bb91c9319eedddd2548d670c96f2fb6ff411adcc6d827bf778ec3fdf2f365de","7510357","1554498427","4/5/2019 9:07:07 PM","0x09e827754afd61de6fc7b2279fc0e4c7ae210030","0x97dec872013f6b5fb443861090ad931542878126","","0.8","0","141.704","0.000209229","0.03706073277","158.26","","",""
"0xa2f616673ca4342360b99222a412befcaaa023112a302cac49c097df438a7e6c","7510406","1554499108","4/5/2019 9:18:28 PM","0x4cb590ee9f6d0f55935e7831f630bc05d4bcf638","0x97dec872013f6b5fb443861090ad931542878126","","0","0","0","0.0000710974","0.012593482462","158.26","","",""
"0xb09c8b6a5a3886ae3e33de55437c49b0fb26de8f69feb1ec191fc22f46571704","7510544","1554500903","4/5/2019 9:48:23 PM","0x419ef75c18dd5d9b5c9ae91f5e15aeb5ae30f7b8","0x97dec872013f6b5fb443861090ad931542878126","","0","0","0","0.000387804","0.06869172252","158.26","","",""
"0x7450a98797fe69b3556c68122c19a1cb39e80e6a2b2151c60611758a1c5e3aac","7510953","1554505933","4/5/2019 11:12:13 PM","0xa0b8fa1ebb60378dd25d4c224d8c916a4d30bea9","0x97dec872013f6b5fb443861090ad931542878126","","0","0","0","0.000194286","0.03441387918","158.26","","",""
"0xbfca8275530b65ef9695222b4b9620ed8fd5cd4a175ee51d3f3486ff403f6703","7511715","1554515559","4/6/2019 1:52:39 AM","0x8c2fd1f3ae6162fd3cb3157222dc3979b42e699e","0x97dec872013f6b5fb443861090ad931542878126","","0.09979343","0","17.6764102559","0.000821604","0.14553071652","166.17","","",""
"0xaaf0c9943bbc8a900f84316396741c9e2d7b5b3523a8620f052c9fc331db1cc3","7512212","1554522092","4/6/2019 3:41:32 AM","0x0558b7a135ccfe3a59de45a239ae3a765d7ab1a2","0x97dec872013f6b5fb443861090ad931542878126","","0","0","0","0.000285078","0.05049586614","166.17","","",""
"0xd3ff1e650e383a4a97e26cd4fec76d6a35017ba1ec5f5805282d014c9c880306","7512336","1554523971","4/6/2019 4:12:51 AM","0x1390743368d3d548cea3e371f8da81da2ffde2c1","0x97dec872013f6b5fb443861090ad931542878126","","0","0","0","0.000284694","0.05042784822","166.17","","",""
"0xd9ca6f9e2b9f0ab95f31aa2dc9e128b3ee1f3657e9cf8b7e7a4c4b51b9fc0855","7513535","1554540107","4/6/2019 8:41:47 AM","0x8c2fd1f3ae6162fd3cb3157222dc3979b42e699e","0x97dec872013f6b5fb443861090ad931542878126","","0.3403202","0","60.280917026","0.00047","0.0832511","166.17","","",""
"0xd36c985a58c9afd49146963e2f209113e052259f16c14acefa5d1a61b0ee5356","7513535","1554540107","4/6/2019 8:41:47 AM","0x54bc3fe4e8c377246acd5b4c25705c1b4324e859","0x97dec872013f6b5fb443861090ad931542878126","","0","0","0","0.000518608","0.09186103504","166.17","","",""
"0x466c13cf075c2d7d82049fc53137a825d7c2b1de9d0014547addbe66f3362b68","7514575","1554553785","4/6/2019 12:29:45 PM","0x7d2e10a52eb243e87e98648b89e09fc37b473779","0x97dec872013f6b5fb443861090ad931542878126","","0","0","0","0.00009509","0.0168432917","166.17","","",""
"0x4c427793c9d730ece6c2ee3a39738aae03c9b5ddc8a8d793b35d03b6ca134785","7515797","1554570398","4/6/2019 5:06:38 PM","0xa0710d3b4ba0f848f7edf9cc827af70a183ead26","0x97dec872013f6b5fb443861090ad931542878126","","0","0","0","0.000130106","0.02304567578","166.17","","",""
"0x9f4c06f232b042361f94207bd6fe2082fb4770359da2ae0af6ea8e33c6cbf8a6","7517927","1554598575","4/7/2019 12:56:15 AM","0xa0710d3b4ba0f848f7edf9cc827af70a183ead26","0x97dec872013f6b5fb443861090ad931542878126","","0","0","0","0.000129268","0.02289724084","175.57","","",""
"0xbf0037aeb67604504989726d4ad646f60131dd6685286d5a7bc44c5bd0c5eba7","7518730","1554609271","4/7/2019 3:54:31 AM","0xa0b8fa1ebb60378dd25d4c224d8c916a4d30bea9","0x97dec872013f6b5fb443861090ad931542878126","","0","0","0","0.000129396","0.02291991348","175.57","","",""
"0x5829b68aef0fc25d700a0a223d3ca25df11d562059d6a54643f9afd670b9e392","7522106","1554654726","4/7/2019 4:32:06 PM","0x8c2fd1f3ae6162fd3cb3157222dc3979b42e699e","0x97dec872013f6b5fb443861090ad931542878126","","0.06843684","0","12.1222174692","0.00029343","0.0519752559","175.57","","",""
"0x06ed576c277ee28485750a3ad71f81c0b1c561f18fb6ba6488853d415bb36785","7524278","1554683854","4/8/2019 12:37:34 AM","0x8c2fd1f3ae6162fd3cb3157222dc3979b42e699e","0x97dec872013f6b5fb443861090ad931542878126","","0","0","0","0.000387804","0.06869172252","179.01","","",""
"0xf066f25b06717bbe2f418c6a2119206ee378ae4446fbaf9da67adfc8a2f4cc4a","7524604","1554688258","4/8/2019 1:50:58 AM","0xaa00d6b732717d6bc489a000cfeff992e5dcac69","0x97dec872013f6b5fb443861090ad931542878126","","0","0","0","0.000329733","0.05840560629","179.01","","",""
"0xbc9e26d3c473bcdc52b03e20cd35eeb392d6f1d5ac658e5feb00993e0efda368","7524604","1554688258","4/8/2019 1:50:58 AM","0xaa00d6b732717d6bc489a000cfeff992e5dcac69","0x97dec872013f6b5fb443861090ad931542878126","","0","0","0","0.000284733","0.05043475629","179.01","","",""
"0x5a78b2c7603a94ec6c74644b38fc784931f9cfe86e967e379c04d4799afeb8a3","7524812","1554691117","4/8/2019 2:38:37 AM","0x6f9bb7e454f5b3eb2310343f0e99269dc2bb8a1d","0x97dec872013f6b5fb443861090ad931542878126","","0","0","0","0.00021474","0.0380368962","179.01","","",""
"0x485a466fa645b835b87f4fdc770819f06be9bda479bb903ea0e5d8a3bcda2b05","7525670","1554702258","4/8/2019 5:44:18 AM","0xa0b8fa1ebb60378dd25d4c224d8c916a4d30bea9","0x97dec872013f6b5fb443861090ad931542878126","","0","0","0","0.000099524","0.01762868612","179.01","","",""
"0xe745412f5ec7ba4bad3bfff6d3a8d1c73f5274312f818702ea8b2dd31fbccdba","7525739","1554703005","4/8/2019 5:56:45 AM","0x8c2fd1f3ae6162fd3cb3157222dc3979b42e699e","0x97dec872013f6b5fb443861090ad931542878126","","0.08414897","0","14.9053070561","0.000469488","0.08316040944","179.01","","",""
"0xaa2aab19a3425d9b402813b6f10feafd7036f92337ae9f89916745b285727f77","7526168","1554708918","4/8/2019 7:35:18 AM","0x52bb1e1421fb1172350bc19fe1e4e38a17698602","0x97dec872013f6b5fb443861090ad931542878126","","0.001","0","0.17713","0.000466896","0.08270128848","179.01","","",""
"0x98e7699f6079de9d2526b1c2dac240e7f7d5315d839720e72b2912764f820b9c","7528975","1554746628","4/8/2019 6:03:48 PM","0x8c2fd1f3ae6162fd3cb3157222dc3979b42e699e","0x97dec872013f6b5fb443861090ad931542878126","","0.13478592","0","23.8746300096","0.00041125","0.0728447125","179.01","","",""
"0x79add54c82c0d12fc9a9cda00cb1204fed10fdc4be4565ad2c4514a0242dbca2","7528975","1554746628","4/8/2019 6:03:48 PM","0x54bc3fe4e8c377246acd5b4c25705c1b4324e859","0x97dec872013f6b5fb443861090ad931542878126","","0","0","0","0.000453781999935174","0.0803784056485174","179.01","","",""
"0x69625e1017fd67f0e226214b1387f51eb31c9182a2a415d030cd1d4b264d7a3c","7533198","1554803661","4/9/2019 9:54:21 AM","0x35e283f461a9ca2e3a5765e72815c8d1dcb66ad6","0x97dec872013f6b5fb443861090ad931542878126","","0","0","0","0.00057264","0.1014317232","","","",""
"0x6a8dba173660d70d21f16d285adc3050ac2833ac97a799a071f6d7eab50b5076","7533215","1554803868","4/9/2019 9:57:48 AM","0x35e283f461a9ca2e3a5765e72815c8d1dcb66ad6","0x97dec872013f6b5fb443861090ad931542878126","","0","0","0","0.000879184","0.15572986192","","","",""
